file_name,text
1.mp4,"It's a rainy night in a city. A wide, multi-lane street glistens with reflected light from street lamps and building windows. Cars, buses, and trucks drive along the road, their headlights blurred by the rain. The sidewalk is wet and partly brown, reflecting the street lights. A large, modern building with many illuminated windows looms in the background. The atmosphere is dark and wet, with a slightly ominous mood."
2.mp4,"The interior of an ornate church is depicted, bathed in a warm, yellow-toned light. Religious paintings and sculptures adorn the walls, creating a solemn and reverent atmosphere. The altar area is visible, featuring candles and floral arrangements. The architecture is grand, with high ceilings and intricate details. The overall tone is peaceful and contemplative, evoking a sense of history and spirituality. The scene is quiet and still, suggesting a moment of reflection within the sacred space."
3.mp4,"The scene showcases the majestic Tre Cime peaks in the Italian Alps under a clear, bright blue sky. The landscape is covered in snow, with rocky terrain visible in the foreground. A group of people are seen hiking and exploring the area, enjoying the panoramic views. The overall atmosphere is serene and awe-inspiring, highlighting the beauty and grandeur of the mountain range. The bright sunlight creates strong shadows, adding depth to the snowy landscape."
4.mp4,"The scene showcases a lush mountain landscape. A rocky hiking trail descends from the foreground, leading into a green valley dotted with evergreen trees. Distant mountains fade into a hazy horizon under an overcast sky. The atmosphere is serene and peaceful, conveying a sense of natural beauty and tranquility. The overall tone is calm and inviting, suggesting a place for outdoor recreation and appreciation of nature."
5.mp4,"The interior of a grand cathedral is bathed in soft, diffused light filtering through tall windows. The camera focuses on two bronze plaques affixed to a massive stone pillar, commemorating historical figures. The architecture is characterized by soaring arches and rows of slender columns, creating a sense of vastness and reverence. The atmosphere is quiet and contemplative, with a cool, muted color palette enhancing the solemn mood. The scene evokes a sense of history and the enduring legacy of those remembered within the cathedral's walls."
6.mp4,"The scene depicts a serene alpine valley with a road leading into the distance. A cluster of rustic wooden buildings sits in a lush green field, framed by towering mountains and dense forests. The sky is a clear blue, casting a natural light over the landscape. Cows graze peacefully in the distance. The overall atmosphere is tranquil and peaceful, evoking a sense of serenity and natural beauty."
7.mp4,"The scene depicts a quiet, overcast day in a traditional Japanese town. The street is wet, reflecting the gray sky. Traditional two-story buildings line the street, with an orange van parked along the curb. A crosswalk is visible in the foreground. Pedestrians walk along the sidewalk. The atmosphere is calm and subdued, with a sense of everyday life continuing despite the weather. The overall tone is peaceful and serene."
8.mp4,"A rural road stretches into the distance, flanked by fields and low hills. The sky is a striking blue hue, filled with scattered clouds. The road has two yellow lines running down the center. Bare trees line the roadside, hinting at early spring. A utility pole stands to the right of the road. The overall atmosphere is peaceful due to the beautiful sky color, creating a sense of openness and tranquility. The scene evokes a feeling of a peaceful journey through a sparsely populated area."
9.mp4,"The scene depicts a tranquil, grassy hillside at dusk. A stone-paved path ascends the hill, leading towards a ridge topped with trees. The lighting is soft and subdued, creating a peaceful atmosphere. The environment is lush and green, with dense foliage on either side of the path. The overall tone is serene and inviting, suggesting a quiet escape into nature."
10.mp4,"A weathered wooden gate stands adjacent to a rugged stone wall, marking an entrance to a grassy hillside. The wall, constructed from irregularly shaped rocks, stretches into the distance, following the contours of the land. The sky is overcast, casting a soft, diffused light over the scene. The atmosphere is tranquil and rural, evoking a sense of quiet isolation. The overall tone is peaceful, highlighting the natural beauty of the landscape."